{
    "nobitex": {
        "usdt": 33.347344858858946,
        "btc": 0.005204204204204206,
        "fee": 0.0015
    },
    "kucoin": {
        "usdt": 217.098494641963,
        "btc": 0.0008030045067601422,
        "fee": 0.001
    },
    "Sm": 0
}